,City ID,City Name,Cloudiness,Country,Date,Humidity,Latitude,Longitude,Max Temperature,Wind Speed
0,2409215,Mattru,100,SL,1658688852,97,7.6244,-11.8332,72.21,3.44
1,5855927,Hilo,75,US,1658688608,70,19.7297,-155.09,81.28,1.01
2,5106841,Albany,33,US,1658688483,39,42.6001,-73.9662,98.17,10.83
3,3839307,Rawson,100,AR,1658688852,71,-43.3002,-65.1023,44.06,12.37
4,2126123,Chokurdakh,97,RU,1658688853,57,70.6333,147.9167,55.2,5.82
5,2075265,Busselton,100,AU,1658688620,74,-33.65,115.3333,57.13,14.05
6,3874787,Punta Arenas,20,CL,1658688724,65,-53.15,-70.9167,41.02,26.46
7,3443061,Chui,21,UY,1658688671,90,-33.6971,-53.4616,64.83,3.6
8,4030556,Rikitea,24,PF,1658688853,80,-23.1203,-134.9692,75.0,15.14
9,3471451,Arraial do Cabo,0,BR,1658688854,69,-22.9661,-42.0278,80.56,19.57
10,1651810,Airai,37,TL,1658688854,76,-8.9266,125.4092,53.46,1.99
11,1251081,Anuradhapura,100,LK,1658688855,84,8.3565,80.4173,76.62,9.51
12,4035715,Avarua,100,CK,1658688855,49,-21.2078,-159.775,69.85,3.44
13,2155415,New Norfolk,100,AU,1658688855,88,-42.7826,147.0587,43.92,2.44
14,1268310,Kalugumalai,99,IN,1658688856,65,9.15,77.7167,82.2,7.29
15,1223738,Weligama,100,LK,1658688856,86,5.9667,80.4167,78.15,11.81
16,5746545,Portland,20,US,1658688306,61,45.5234,-122.6762,82.45,9.22
17,2343252,Epe,100,NG,1658688857,89,6.5841,3.9834,75.27,4.68
18,3833367,Ushuaia,0,AR,1658688690,64,-54.8,-68.3,37.02,6.91
19,1262824,Mon,100,IN,1658688857,99,26.75,95.1,71.49,2.53
20,4034551,Faanui,2,PF,1658688858,76,-16.4833,-151.75,78.51,12.01
21,6201424,Mataura,43,NZ,1658688858,96,-46.1927,168.8643,33.15,2.62
22,3372707,Ribeira Grande,75,PT,1658688858,94,38.5167,-28.7,75.6,9.22
23,1283285,Jumla,91,NP,1658688859,97,29.2747,82.1838,62.8,1.07
24,2206939,Bluff,100,NZ,1658688859,83,-46.6,168.3333,43.72,5.95
25,2013727,Vanavara,48,RU,1658688859,84,60.34,102.2797,56.66,2.64
26,3652764,Puerto Ayora,53,EC,1658688597,88,-0.7393,-90.3518,80.56,8.99
27,2270385,Camacha,20,PT,1658688860,54,33.0833,-16.3333,78.22,10.36
28,2171099,Codrington,100,AU,1658688860,69,-38.2667,141.9667,57.47,12.64
29,986717,Kruisfontein,9,ZA,1658688861,87,-34.0033,24.7314,52.88,6.06
30,3356832,Henties Bay,22,NA,1658688862,90,-22.116,14.2845,55.11,2.1
31,215976,Ilebo,82,CD,1658688862,77,-4.3167,20.5833,74.52,2.66
32,2013639,Verkhnevilyuysk,56,RU,1658688863,77,63.4453,120.3167,61.47,6.76
33,964432,Port Alfred,77,ZA,1658688863,57,-33.5906,26.891,60.19,9.78
34,2389853,Bangui,95,CF,1658688610,94,4.3612,18.555,73.58,2.42
35,2032614,Baruun-Urt,0,MN,1658688863,79,46.6806,113.2792,60.53,4.05
36,1507116,Dudinka,100,RU,1658688864,87,69.4058,86.1778,60.62,20.29
37,1282256,Hithadhoo,100,MV,1658688851,73,-0.6,73.0833,82.11,6.62
38,3361142,Springbok,0,ZA,1658688864,26,-29.6643,17.8865,51.08,18.21
39,2070998,Geraldton,22,AU,1658688865,87,-28.7667,114.6,46.81,11.5
40,3911120,Los Negros,17,BO,1658688865,42,-17.7333,-63.4333,89.15,12.06
41,1507390,Dikson,100,RU,1658688865,85,73.5069,80.5464,46.08,17.94
42,5866063,Kenai,75,US,1658688866,74,60.5544,-151.2583,60.1,4.61
43,3460087,Jardim,15,BR,1658688866,19,-21.4803,-56.1381,93.83,6.67
44,5703673,Elko,0,US,1658688867,10,41.0002,-115.5012,88.05,1.01
45,5847411,Kahului,7,US,1658688867,76,20.8947,-156.47,80.83,8.01
46,6111862,Port Hardy,75,CA,1658688867,88,50.6996,-127.4199,59.18,9.22
47,3939168,Huarmey,7,PE,1658688867,70,-10.0681,-78.1522,69.78,11.65
48,2332079,Lere,79,NG,1658688868,90,10.387,8.5726,70.84,1.72
49,3361934,Saldanha,0,ZA,1658688868,72,-33.0117,17.9442,48.25,9.64
50,2145554,Ulladulla,13,AU,1658688869,92,-35.35,150.4667,50.4,3.69
51,4734350,Stephenville,0,US,1658688869,30,32.2207,-98.2023,99.77,11.5
52,546105,Nikolskoye,100,RU,1658688870,92,59.7035,30.7861,66.09,3.85
53,5122534,Jamestown,75,US,1658688870,69,42.097,-79.2353,86.95,9.22
54,3407762,Amapá,100,BR,1658688870,74,1.0,-52.0,81.77,1.3
55,147278,Şahbuz,43,AZ,1658688871,75,39.4072,45.5739,71.2,7.61
56,3372472,Vila Franca do Campo,83,PT,1658688871,80,37.7167,-25.4333,73.81,5.39
57,934322,Mahébourg,75,MU,1658688871,77,-20.4081,57.7,68.29,8.05
58,2304548,Anloga,8,GH,1658688872,82,5.7947,0.8973,76.19,11.14
59,3372964,Lagoa,0,PT,1658688872,88,39.05,-27.9833,74.07,10.94
60,3424607,Tasiilaq,30,GL,1658688873,83,65.6145,-37.6368,40.55,5.91
61,779261,Kjøllefjord,75,NO,1658688873,93,70.9457,27.3465,50.05,8.05
62,3421982,Maniitsoq,100,GL,1658688873,90,65.4167,-52.9,44.85,14.16
63,3369157,Cape Town,0,ZA,1658688874,72,-33.9258,18.4232,60.39,14.0
64,1591474,Bac Lieu,88,VN,1658688874,86,9.285,105.7244,79.45,5.57
65,2027244,Bagdarin,100,RU,1658688875,97,54.4333,113.6,58.86,3.6
66,521118,Nizhnekamsk,0,RU,1658688875,68,55.6366,51.8245,70.59,0.0
67,1490256,Talnakh,14,RU,1658688876,80,69.4865,88.3972,60.21,14.16
68,2122614,Okha,100,RU,1658688876,94,53.5739,142.9478,58.41,9.46
69,2122090,Pevek,38,RU,1658688877,91,69.7008,170.3133,35.28,1.81
70,1015776,Bredasdorp,0,ZA,1658688877,86,-34.5322,20.0403,49.24,7.34
71,1490085,Tarko-Sale,100,RU,1658688877,91,64.9225,77.785,50.63,15.14
72,6170031,Tuktoyaktuk,100,CA,1658688878,87,69.4541,-133.0374,46.4,6.91
73,3868707,Valdivia,100,CL,1658688737,98,-39.8142,-73.2459,50.09,1.34
74,2022317,Khor,8,RU,1658688878,96,47.8861,134.9464,62.2,4.23
75,5563397,Eureka,27,US,1658688125,76,40.8021,-124.1637,85.68,5.01
76,58933,Garoowe,99,SO,1658688879,48,8.4054,48.4845,80.65,22.41
77,1159384,Tāybād,0,IR,1658688879,25,34.74,60.7756,87.55,22.68
78,4020109,Atuona,65,PF,1658688879,65,-9.8,-139.0333,77.05,19.06
79,3598787,Champerico,99,GT,1658688880,74,14.3,-91.9167,90.14,3.89
80,1045114,Inhambane,40,MZ,1658688880,88,-23.865,35.3833,69.78,5.01
81,2742416,Barcelos,0,PT,1658688881,65,41.5388,-8.6151,75.92,7.25
82,3831208,Qaanaaq,100,GL,1658688881,94,77.484,-69.3632,38.79,1.57
83,2163355,Hobart,100,AU,1658688881,95,-42.8794,147.3294,44.28,4.61
84,933366,Maun,0,BW,1658688882,45,-19.9833,23.4167,66.16,3.44
85,556268,Ostrovnoy,85,RU,1658688882,87,68.0531,39.5131,50.27,12.71
86,1529484,Kumul,6,CN,1658688883,23,42.8,93.45,85.82,8.25
87,904422,Mumbwa,33,ZM,1658688883,37,-14.9783,27.0619,63.48,4.85
88,2077895,Alice Springs,0,AU,1658688609,62,-23.7,133.8833,51.35,4.61
89,5850554,Makakilo City,75,US,1658688883,59,21.3469,-158.0858,79.2,10.36
90,2171766,Charlestown,1,AU,1658688884,97,-32.95,151.6667,53.42,3.0
91,3386213,Touros,99,BR,1658688884,77,-5.1989,-35.4608,79.16,19.89
92,752627,Akçaabat,40,TR,1658688884,73,41.0212,39.5715,69.67,4.61
93,1489962,Tavda,11,RU,1658688885,78,58.0425,65.2726,59.72,6.06
94,1121143,Zabul Province,84,AF,1658688885,59,32.25,67.25,74.86,12.17
95,3336897,La Rioja,3,ES,1658688886,16,42.25,-2.5,85.78,9.33
96,2445704,Diffa,10,NE,1658688886,41,13.3154,12.6113,90.9,8.68
97,2191562,Dunedin,100,NZ,1658688640,80,-45.8742,170.5036,44.8,2.06
98,935215,Saint-Philippe,43,RE,1658688887,79,-21.3585,55.7679,67.59,10.76
99,5282297,Bethel,0,US,1658688738,50,41.3712,-73.414,95.36,13.8
100,2180815,Tuatapere,100,NZ,1658688610,95,-46.1333,167.6833,42.3,2.48
101,2132606,Samarai,94,PG,1658688887,81,-10.6167,150.6667,79.54,15.08
102,5557293,Sitka,100,US,1658688888,93,57.0531,-135.33,56.98,4.88
103,1863997,Fukuechō,1,JP,1658688888,82,32.6881,128.8419,78.69,5.66
104,2017155,Saskylakh,88,RU,1658688888,78,71.9167,114.0833,59.81,5.86
105,1735106,George Town,40,MY,1658688888,98,5.4112,100.3354,78.73,3.44
106,472387,Voloshka,94,RU,1658688889,95,61.3314,40.0858,61.81,1.88
107,4315535,Bastrop,28,US,1658688694,56,32.7562,-91.8724,96.69,1.99
108,1524801,Shīeli,0,KZ,1658688890,22,44.1667,66.75,87.67,10.4
109,1510377,Belyy Yar,0,RU,1658688890,88,53.6039,91.3903,58.89,11.18
110,1497337,Kayerkan,76,RU,1658688891,76,69.3497,87.7602,59.52,18.3
111,2022572,Khatanga,99,RU,1658688891,57,71.9667,102.5,67.84,14.0
112,1261736,Narwar,26,IN,1658688892,78,25.65,77.9,81.07,9.78
113,5866583,Saint Paul Harbor,100,US,1658688822,98,57.79,-152.4072,51.94,6.4
114,1717787,Catuday,82,PH,1658688892,78,16.2923,119.8062,82.33,3.96
115,2161515,Kiama,2,AU,1658688892,93,-34.6833,150.8667,49.37,4.29
116,2110227,Butaritari,3,KI,1658688893,68,3.0707,172.7902,82.4,22.46
117,1106677,Bambous Virieux,75,MU,1658688893,77,-20.3428,57.7575,68.25,8.05
118,5577158,Fort Morgan,0,US,1658688894,42,40.2503,-103.8,84.85,17.27
119,610864,Khani,90,GE,1658688894,95,41.9563,42.9566,54.97,0.74
120,686090,Asău,100,RO,1658688894,96,46.4333,26.4,67.28,2.39
121,3418910,Upernavik,100,GL,1658688895,96,72.7868,-56.1549,41.38,6.06
122,3531816,Calderitas,75,MX,1658688895,79,18.55,-88.25,84.31,0.0
123,2641434,Northam,100,GB,1658688896,96,51.0333,-4.2167,66.38,18.19
124,2019323,Nerchinskiy Zavod,11,RU,1658688896,93,51.3088,119.61,58.39,2.35
125,1486321,Yar-Sale,34,RU,1658688896,93,66.8333,70.8333,46.0,10.83
126,2015306,Tiksi,8,RU,1658688897,79,71.6872,128.8694,45.01,3.89
127,1622318,Waingapu,86,ID,1658688897,77,-9.6567,120.2641,69.82,9.15
128,3355672,Lüderitz,4,NA,1658688897,53,-26.6481,15.1594,64.13,8.68
129,1687894,Santa Rosa,100,PH,1658688898,82,14.3122,121.1114,84.18,4.47
130,2181625,Te Anau,92,NZ,1658688898,95,-45.4167,167.7167,38.16,1.45
131,152403,Mvomero,43,TZ,1658688899,86,-6.25,38.6667,71.62,3.27
132,3027513,Challans,6,FR,1658688899,69,46.8436,-1.8749,81.52,12.68
133,3374210,São Filipe,100,CV,1658688900,80,14.8961,-24.4956,78.98,1.61
134,899825,Petauke,47,ZM,1658688901,45,-14.2426,31.3253,65.97,7.11
135,6165406,Thompson,75,CA,1658688902,40,55.7435,-97.8558,69.96,10.36
136,2112309,Katsuura,97,JP,1658688902,87,35.1333,140.3,77.52,11.1
137,3452320,Presidente Venceslau,54,BR,1658688903,18,-21.8761,-51.8439,88.52,5.39
138,5848280,Kapaa,19,US,1658688903,75,22.0752,-159.319,79.12,5.01
139,3662395,Santo Antônio do Içá,44,BR,1658688903,68,-3.1022,-67.9397,86.27,2.82
140,4031574,Provideniya,99,RU,1658688904,83,64.3833,-173.3,44.08,5.64
141,6185377,Yellowknife,100,CA,1658688904,77,62.456,-114.3525,63.12,9.22
142,2332453,Lagos,100,NG,1658688736,89,6.5833,3.75,75.67,3.76
143,3366880,Hermanus,0,ZA,1658688852,79,-34.4187,19.2345,52.81,12.88
144,2126710,Beringovskiy,100,RU,1658688904,79,63.05,179.3167,44.78,11.43
145,3395981,Maceió,40,BR,1658688905,61,-9.6658,-35.7353,81.84,12.66
146,2537881,Safi,85,MA,1658688905,80,32.2994,-9.2372,75.34,9.53
147,3059101,Levice,7,SK,1658688906,40,48.2156,18.6071,70.45,7.58
148,1264976,Leh,96,IN,1658688906,60,34.1667,77.5833,64.15,7.05
149,1067565,Beloha,0,MG,1658688906,82,-25.1667,45.05,63.73,3.56
150,1701054,Marawi,100,PH,1658688907,95,7.9986,124.2928,69.4,4.45
151,3382160,Cayenne,96,GF,1658688618,18,4.9333,-52.3333,86.09,8.01
152,933759,Ghanzi,89,BW,1658688908,29,-21.5667,21.7833,66.29,7.74
153,2121385,Severo-Kuril'sk,100,RU,1658688908,98,50.6789,156.125,51.75,13.47
154,2013465,Verkhoyansk,78,RU,1658688908,88,67.5447,133.385,58.5,0.4
155,2402689,Zimmi,100,SL,1658688909,97,7.3153,-11.3061,71.29,3.42
156,3146487,Raudeberg,100,NO,1658688909,86,61.9875,5.1352,59.67,9.28
157,2159220,Mackay,17,AU,1658688909,90,-21.15,149.2,53.69,6.46
158,1735902,Sibu,40,MY,1658688910,94,2.3,111.8167,75.51,2.3
159,2071860,Esperance,100,AU,1658688816,69,-33.8667,121.9,52.29,12.35
160,2074865,Carnarvon,0,AU,1658688910,50,-24.8667,113.6333,58.68,16.28
161,1855342,Nishihara,20,JP,1658688911,89,26.1842,127.7558,83.48,4.61
162,3247449,Aachen,45,DE,1658688911,42,50.7766,6.0834,85.26,4.21
163,1068670,Bealanana,61,MG,1658688911,98,-14.55,48.7333,54.41,3.36
164,3149577,Kolvereid,100,NO,1658688912,79,64.8655,11.6047,67.08,9.91
165,2561668,Agadir,97,MA,1658688912,49,30.4202,-9.5982,84.65,5.59
166,553766,Kamenka,46,RU,1658688647,88,51.3223,42.7678,62.78,2.33
167,3393471,Oriximiná,91,BR,1658688913,45,-1.7656,-55.8661,89.76,5.97
168,2167426,Emerald,0,AU,1658688913,100,-23.5333,148.1667,50.14,0.0
169,964420,Port Elizabeth,40,ZA,1658688914,96,-33.918,25.5701,55.09,5.75
170,70979,Sayyan,95,YE,1658688914,57,15.1718,44.3244,67.62,4.74
171,4362001,Mayo,37,US,1658688914,67,38.8876,-76.5119,99.21,4.0
172,5380437,Pacific Grove,32,US,1658688915,93,36.6177,-121.9166,63.01,8.99
173,3393783,Novo Oriente,75,BR,1658688915,28,-5.5344,-40.7742,92.97,8.01
174,320392,Burdur,0,TR,1658688916,25,37.7203,30.2908,74.1,6.91
175,2160735,Lakes Entrance,77,AU,1658688916,86,-37.8811,147.981,47.82,4.32
176,3414079,Olafsvik,98,IS,1658688916,78,64.8945,-23.7142,53.35,6.49
177,2126199,Cherskiy,100,RU,1658688917,48,68.75,161.3,52.38,5.48
178,3894426,Coyhaique,100,CL,1658688917,75,-45.5752,-72.0662,36.21,4.61
179,2022773,Khandyga,1,RU,1658688918,88,62.6667,135.6,58.15,1.07
180,2264557,Ponta do Sol,2,PT,1658688918,46,32.6667,-17.1,84.13,2.21
181,3421719,Narsaq,74,GL,1658688918,60,60.9167,-46.05,54.79,4.59
182,1524606,Derzhavīnsk,2,KZ,1658688919,38,51.1,66.3167,72.34,7.09
183,3404558,Cabedelo,68,BR,1658688919,76,-6.9811,-34.8339,81.27,20.71
184,3500957,La Romana,75,DO,1658688919,62,18.4273,-68.9728,88.16,11.5
185,2119932,Vanino,23,RU,1658688920,97,49.0869,140.2543,57.81,3.29
186,3883457,Lebu,100,CL,1658688920,95,-37.6167,-73.65,49.06,5.7
187,2654970,Brae,100,GB,1658688665,88,60.3964,-1.353,54.14,10.27
188,4031742,Egvekinot,95,RU,1658688921,72,66.3167,-179.1667,36.93,7.14
189,3412093,Vestmannaeyjar,75,IS,1658688921,87,63.4427,-20.2734,52.79,11.5
190,3430863,Mar del Plata,100,AR,1658688922,98,-38.0023,-57.5575,53.1,8.99
191,3932145,Pisco,2,PE,1658688922,77,-13.7,-76.2167,64.45,9.22
192,3430443,Necochea,100,AR,1658688923,88,-38.5473,-58.7368,48.67,9.78
193,1508260,Novobirilyussy,100,RU,1658688923,99,56.9514,90.6661,53.69,4.18
194,6176226,Warman,75,CA,1658688923,46,52.3168,-106.5679,78.1,5.75
195,2112802,Hasaki,50,JP,1658688924,86,35.7333,140.8333,75.6,13.27
196,502903,Rameshki,100,RU,1658688924,94,57.3439,36.0453,64.15,3.31
197,6620339,Karratha,0,AU,1658688925,46,-20.7377,116.8463,65.23,13.06
198,5572400,Susanville,0,US,1658688925,17,40.4163,-120.653,86.09,5.99
199,2013921,Ust-Kuyga,76,RU,1658688925,71,70.0167,135.6,63.28,3.06
200,6067747,Matagami,40,CA,1658688926,61,49.7502,-77.6328,77.11,4.61
201,1259939,Pehowa,100,IN,1658688926,59,29.9833,76.5833,87.22,11.05
202,4726521,San Patricio,0,US,1658688927,42,28.017,-97.5169,98.17,20.11
203,3670218,San Andrés,75,CO,1658688927,70,12.5847,-81.7006,87.82,11.5
204,4032243,Vaini,40,TO,1658688928,78,-21.2,-175.2,71.76,6.91
205,1785036,Zhangye,0,CN,1658688928,28,38.9342,100.4517,76.59,6.06
206,3664980,Boa Vista,75,BR,1658688921,70,2.8197,-60.6733,84.18,4.61
207,364933,Umm Kaddadah,100,SD,1658688929,32,13.6017,26.6876,93.6,15.61
208,3899695,Ancud,100,CL,1658688929,91,-41.8697,-73.8203,48.22,4.65
209,1513957,Hazorasp,75,UZ,1658688929,22,41.3194,61.0742,84.04,18.68
210,3407194,Areia Branca,100,BR,1658688930,58,-4.9561,-37.1369,91.6,16.13
211,5605242,Rexburg,0,US,1658688732,26,43.826,-111.7897,80.58,11.5
212,6067472,Marystown,21,CA,1658688930,76,47.1666,-55.1483,71.55,9.91
213,3466165,Cidreira,96,BR,1658688931,87,-30.1811,-50.2056,66.22,6.08
214,2092164,Lorengau,92,PG,1658688931,79,-2.0226,147.2712,81.57,6.55
215,4470244,Havelock,0,US,1658688931,78,34.8791,-76.9013,91.98,12.66
216,2641598,Newport,100,GB,1658688932,86,51.5877,-2.9984,71.46,17.76
217,1056899,Sambava,22,MG,1658688860,87,-14.2667,50.1667,68.97,11.03
218,3901501,Villazón,0,BO,1658688932,6,-22.0866,-65.5942,61.38,5.95
219,2068110,Kununurra,41,AU,1658688933,87,-15.7667,128.7333,48.18,0.0
220,260895,Karpathos,0,GR,1658688933,69,35.507,27.2132,76.96,21.85
221,3901903,Uyuni,0,BO,1658688934,17,-20.4597,-66.825,52.2,13.6
222,5861897,Fairbanks,0,US,1658688932,58,64.8378,-147.7164,65.48,0.0
223,2022369,Kholtoson,100,RU,1658688934,95,50.2981,103.3097,48.88,2.55
224,4033543,Teahupoo,5,PF,1658688935,76,-17.8333,-149.2667,75.16,13.38
225,610298,Beyneu,100,KZ,1658688935,44,45.3167,55.2,81.95,8.9
226,1629965,Tanete,100,ID,1658688935,87,-3.9443,119.7848,73.63,6.26
227,5418104,Cortez,52,US,1658688936,27,37.3489,-108.5859,83.03,9.17
228,2128975,Nemuro,74,JP,1658688936,92,43.3236,145.575,60.66,8.21
229,2065594,Mount Isa,0,AU,1658688749,76,-20.7333,139.5,49.77,2.3
230,933995,Souillac,75,MU,1658688937,77,-20.5167,57.5167,68.38,8.05
231,5962442,Goderich,100,CA,1658688676,78,43.7501,-81.7165,81.91,12.66
232,2123814,Leningradskiy,100,RU,1658688937,93,69.3833,178.4167,34.48,3.74
233,3385670,Urucará,38,BR,1658688938,42,-2.5364,-57.76,91.8,2.84
234,915471,Kalabo,0,ZM,1658688938,30,-14.97,22.6814,65.08,5.26
235,2016307,Solnechnyy,3,RU,1658688939,93,50.7214,136.6319,60.31,2.8
236,1649150,Bengkulu,100,ID,1658688939,91,-3.8004,102.2655,75.72,6.69
237,2160413,Leeton,46,AU,1658688939,89,-34.5667,146.4,43.9,7.58
238,454310,Ventspils,0,LV,1658688940,72,57.3894,21.5606,64.33,8.05
239,3466704,Castro,93,BR,1658688940,46,-24.7911,-50.0119,74.14,3.69
240,893485,Chiredzi,3,ZW,1658688940,34,-21.05,31.6667,68.94,4.97
241,962367,Richards Bay,5,ZA,1658688941,54,-28.783,32.0377,63.54,18.3
242,3416888,Grindavik,75,IS,1658688941,76,63.8424,-22.4338,54.07,9.22
243,3448903,São João da Barra,0,BR,1658688942,73,-21.6403,-41.0511,78.89,13.44
244,933649,Khakhea,100,BW,1658688942,31,-24.6895,23.494,61.48,8.97
245,2729907,Longyearbyen,75,SJ,1658688943,81,78.2186,15.6401,48.04,13.8
246,4031637,Lavrentiya,100,RU,1658688943,94,65.5833,-171.0,41.22,9.84
247,5110365,Broome,17,US,1658688944,52,42.2506,-75.833,93.09,10.0
248,3855065,General Roca,100,AR,1658688944,68,-39.0333,-67.5833,50.63,16.46
249,2017658,Preobrazheniye,55,RU,1658688944,93,42.9019,133.9064,62.08,3.38
250,1688696,San Policarpo,97,PH,1658688945,83,12.1791,125.5072,79.5,3.13
251,3517970,Pochutla,100,MX,1658688945,57,15.7432,-96.4661,87.82,5.14
252,2175819,Biloela,0,AU,1658688946,89,-24.4167,150.5,53.02,3.56
253,2027296,Aykhal,100,RU,1658688946,88,66.0,111.5,63.43,6.11
254,189386,Limuru,29,KE,1658688946,83,-1.1,36.65,58.19,4.65
255,1006984,East London,0,ZA,1658688833,87,-33.0153,27.9116,54.54,10.36
256,1488741,Tyumentsevo,98,RU,1658688947,70,53.3224,81.498,56.17,4.63
257,5546220,Saint George,75,US,1658688723,33,37.1041,-113.5841,97.63,5.75
258,2315417,Inongo,99,CD,1658688947,86,-1.95,18.2667,70.27,2.57
259,3868633,Vallenar,0,CL,1658688948,51,-28.5708,-70.7581,67.08,4.32
260,1518139,Tobol,14,KZ,1658688948,51,52.6844,62.5794,69.94,6.6
261,1214488,Meulaboh,100,ID,1658688949,93,4.1363,96.1285,75.72,4.72
262,3437443,Pozo Colorado,100,PY,1658688949,20,-23.4923,-58.7972,96.21,9.48
263,5367788,Lompoc,40,US,1658688950,72,34.6391,-120.4579,69.94,6.91
264,5969025,Haines Junction,100,CA,1658688950,87,60.7522,-137.5108,49.95,0.0
265,2156643,Mount Gambier,100,AU,1658688671,96,-37.8333,140.7667,52.7,9.73
266,2137773,Vao,100,NC,1658688951,74,-22.6667,167.4833,72.21,13.65
267,2805761,Wunstorf,40,DE,1658688952,42,52.4333,9.4167,84.45,5.75
268,3904906,Santa Cruz de la Sierra,75,BO,1658688952,45,-17.8,-63.1667,89.06,24.16
269,2303611,Esim,21,GH,1658688952,83,4.8699,-2.2405,74.7,7.4
270,3893726,Constitución,100,CL,1658688656,91,-35.3333,-72.4167,55.13,11.43
271,2101169,Aitape,41,PG,1658688953,87,-3.1374,142.3475,77.92,5.06
272,3529654,Dzilam González,73,MX,1658688953,59,21.2833,-88.9333,88.63,10.54
273,152183,Mwaya,61,TZ,1658688954,68,-9.55,33.95,69.75,2.86
274,3126369,Carballo,0,ES,1658688954,75,43.213,-8.691,70.9,4.63
275,3869716,Tocopilla,21,CL,1658688955,68,-22.092,-70.1979,64.53,8.39
276,5905393,Bonavista,92,CA,1658688955,81,48.6499,-53.1147,67.08,11.83
277,305681,Kumluca,0,TR,1658688955,33,36.3703,30.2869,85.62,8.16
278,878058,Masasi,1,TZ,1658688956,73,-10.7167,38.8,66.54,4.5
279,1090225,Koungou,20,YT,1658688956,78,-12.7336,45.2042,74.91,5.75
280,237379,Ndélé,100,CF,1658688956,89,8.4109,20.6473,73.06,0.16
281,5445820,Liberal,0,US,1658688957,38,37.0431,-100.921,93.34,14.97
282,5464806,Deming,0,US,1658688905,30,32.2687,-107.7586,90.91,5.88
283,6050066,La Ronge,75,CA,1658688957,52,55.1001,-105.2842,70.02,9.22
284,53654,Mogadishu,65,SO,1658688958,83,2.0371,45.3438,75.87,18.37
285,3133498,Tynset,81,NO,1658688958,82,62.2759,10.7824,58.62,13.85
286,6089245,Norman Wells,20,CA,1658688959,49,65.282,-126.8329,68.04,8.05
287,2121025,Srednekolymsk,52,RU,1658688959,47,67.45,153.6833,60.55,5.35
288,2029156,Sühbaatar,100,MN,1658688960,90,50.2314,106.2078,57.6,2.98
289,1519580,Saryozek,0,KZ,1658688960,36,44.3583,77.9753,70.5,2.39
290,3860443,Comodoro Rivadavia,0,AR,1658688960,56,-45.8667,-67.5,39.06,4.61
291,2094342,Kavieng,63,PG,1658688961,77,-2.5744,150.7967,82.11,10.87
292,1705276,Luklukan,63,PH,1658688961,87,14.3254,122.7124,80.2,4.25
293,1267390,Kavaratti,100,IN,1658688962,79,10.5669,72.642,80.82,13.22
294,2278158,Buchanan,100,LR,1658688962,80,5.8808,-10.0467,74.84,8.9
295,902620,Mwinilunga,90,ZM,1658688963,42,-11.7358,24.4293,61.63,5.57
296,1519691,Sarkand,22,KZ,1658688963,36,45.41,79.9186,70.99,7.29
297,3663142,Novo Aripuanã,90,BR,1658688963,25,-5.1206,-60.3797,98.2,3.51
298,1263622,Mānsa,56,IN,1658688964,60,29.9833,75.3833,87.44,8.46
299,293842,Kiryat Gat,0,IL,1658688964,100,31.61,34.7642,81.28,2.26
300,6111867,Port Hawkesbury,40,CA,1658688965,49,45.6169,-61.3485,92.32,16.11
301,1213855,Sibolga,100,ID,1658688965,90,1.7427,98.7792,76.08,2.8
302,2017215,Sangar,34,RU,1658688965,80,63.9242,127.4739,57.18,3.33
303,474795,Verkhniy Uslon,94,RU,1658688966,74,55.7701,48.9823,70.14,3.89
304,1624041,Ternate,89,ID,1658688966,78,0.8,127.4,79.75,4.14
305,341297,Butajīra,99,ET,1658688967,85,8.1167,38.3667,60.51,3.98
306,1714733,Dingle,100,PH,1658688967,90,10.9995,122.6711,76.64,2.06
307,5247415,Caledonia,40,US,1658688879,71,42.8078,-87.9242,83.59,13.8
308,2381334,Atar,7,MR,1658688968,16,20.5169,-13.0499,111.25,6.91
309,1563281,Tuy Hoa,20,VN,1658688968,89,13.0833,109.3,78.33,1.28
310,5924351,Clyde River,100,CA,1658688969,100,70.4692,-68.5914,41.23,14.97
311,4513583,Hamilton,40,US,1658688697,64,39.1834,-84.5333,91.74,14.97
312,1791779,Wanning,9,CN,1658688969,83,18.8003,110.3967,79.7,5.28
313,3347019,Mossamedes,81,AO,1658688858,87,-15.1961,12.1522,64.02,3.2
314,4720067,Lavaca,40,US,1658688970,54,28.615,-96.6261,97.29,11.5
315,148003,Horadiz,100,AZ,1658688970,68,39.4488,47.3353,75.97,4.72
316,3628473,San Cristobal,100,VE,1658688971,41,7.7669,-72.225,78.98,7.74
317,2775950,Höchst,0,AT,1658688971,61,47.4593,9.6405,82.51,2.3
318,6113406,Prince Rupert,100,CA,1658688898,96,54.3161,-130.3201,59.09,24.16
319,3698359,Chicama,14,PE,1658688971,58,-7.8447,-79.1469,61.34,10.8
320,5972291,Havre-St-Pierre,0,CA,1658688972,68,50.2334,-63.5986,73.76,13.8
321,1337610,Thinadhoo,100,MV,1658688972,73,0.5333,72.9333,82.09,7.29
322,5469841,Grants,35,US,1658688973,30,35.1473,-107.8514,84.43,11.5
323,1261012,Osmanabad,100,IN,1658688973,92,18.1667,76.05,71.19,10.54
324,1510689,Baykit,12,RU,1658688974,79,61.67,96.37,51.96,3.65
325,6167817,Torbay,40,CA,1658688974,48,47.6666,-52.7314,86.88,13.8
326,5880054,Barrow,100,US,1658688975,84,71.2906,-156.7887,37.89,7.14
327,1082243,Ambilobe,78,MG,1658688860,73,-13.2,49.05,70.34,3.6
328,3175096,Laas,57,IT,1658688975,82,46.6166,10.7002,71.91,2.91
329,1495626,Pangody,99,RU,1658688976,90,65.85,74.4859,48.18,17.05
330,2451478,Ségou,100,ML,1658688976,54,13.4317,-6.2157,86.58,5.37
331,2636790,Stornoway,75,GB,1658688976,97,58.2093,-6.3865,59.94,3.44
332,133595,Gerāsh,18,IR,1658688977,36,27.6652,54.1371,86.14,3.56
333,3693584,Pimentel,0,PE,1658688978,68,-6.8367,-79.9342,70.09,12.66
334,2400547,Gamba,32,GA,1658688859,88,-2.65,10.0,70.2,5.19
335,471308,Voyvozh,27,RU,1658688978,95,62.892,54.9635,50.61,3.78
336,1261853,Narasannapeta,100,IN,1658688979,85,18.4167,84.05,79.99,2.84
337,1787901,Xunchang,99,CN,1658688979,96,28.4543,104.715,74.16,2.39
338,1511057,Bakchar,100,RU,1658688980,98,57.0186,82.0711,50.13,5.7
339,4721703,Raymondville,0,US,1658688981,31,26.4815,-97.7831,98.71,18.25
340,1259385,Port Blair,40,IN,1658688981,94,11.6667,92.75,78.84,2.3
341,3423146,Ilulissat,100,GL,1658688982,88,69.2167,-51.1,40.64,3.51
342,1265830,Rairangpur,100,IN,1658688982,92,22.2676,86.1751,76.95,2.95
343,478297,Usogorsk,100,RU,1658688982,87,63.4106,48.6872,52.56,3.58
344,6690296,Saint-Joseph,23,RE,1658688983,79,-21.3667,55.6167,66.58,10.29
345,2134814,Sola,23,VU,1658688983,78,-13.8833,167.55,80.17,6.82
346,2122574,Ola,100,RU,1658688984,85,59.5833,151.2833,52.14,3.78
347,2629833,Husavik,100,IS,1658688984,82,66.0449,-17.3389,48.81,6.17
348,1650232,Banjar,31,ID,1658688985,85,-8.19,114.9675,69.3,6.15
349,3580733,Bodden Town,20,KY,1658688985,78,19.2833,-81.25,87.8,12.66
350,2019309,Neryungri,36,RU,1658688985,81,56.6709,124.6491,59.22,2.39
351,1106643,Quatre Cocos,5,MU,1658688986,73,-20.2078,57.7625,68.11,10.16
352,491019,Sol'-Iletsk,100,RU,1658688986,56,51.1631,54.9918,71.42,8.37
353,1529376,Korla,99,CN,1658688987,22,41.7597,86.1469,88.54,23.06
354,3421765,Nanortalik,100,GL,1658688987,78,60.1432,-45.2371,47.84,5.77
355,5563839,Fortuna,18,US,1658688987,73,40.5982,-124.1573,61.66,6.89
356,3533462,Acapulco de Juárez,57,MX,1658688988,66,16.8634,-99.8901,86.63,5.55
357,5887916,Athabasca,100,CA,1658688961,55,54.7169,-113.2854,72.01,8.12
358,3407903,Almeirim,93,BR,1658688988,59,-1.5233,-52.5817,86.59,0.45
359,1159716,Sarakhs,0,IR,1658688989,25,36.5449,61.1577,89.98,11.05
360,5391295,Salinas,0,US,1658688847,84,36.6777,-121.6555,62.42,7.72
361,2093846,Kiunga,94,PG,1658688989,99,-6.1219,141.2906,73.96,2.66
362,2397674,Ndjolé,100,GA,1658688989,64,-0.1783,10.7649,80.2,6.82
363,2027042,Batagay-Alyta,62,RU,1658688990,89,67.8006,130.4114,53.62,1.23
364,1529102,Ürümqi,75,CN,1658688990,64,43.801,87.6005,68.95,6.71
365,1805733,Jinchang,0,CN,1658688990,29,38.4953,102.1739,77.7,6.62
366,4021858,Guerrero Negro,57,MX,1658688991,53,27.9769,-114.0611,78.93,4.45
367,2028028,Aksha,100,RU,1658688991,98,50.2814,113.2867,60.22,2.89
368,2992292,Montluçon,0,FR,1658688991,35,46.3333,2.6,83.32,2.46
369,2125693,Evensk,100,RU,1658688992,65,61.95,159.2333,53.67,1.72
370,1649378,Tambun,92,ID,1658688992,88,-6.2641,107.0712,80.04,2.89
371,5583997,Ammon,0,US,1658688993,8,43.4696,-111.9666,91.18,11.79
372,2022317,Dormidontovka,1,RU,1658688993,96,47.7702,134.9076,62.2,4.09
373,1855540,Naze,4,JP,1658688993,86,28.3667,129.4833,79.72,4.16
374,3861953,Chacabuco,90,AR,1658688994,82,-34.6417,-60.4739,63.82,11.5
375,3939761,Hualmay,8,PE,1658688994,68,-11.0964,-77.6139,68.11,12.15
376,2961459,Skibbereen,83,IE,1658688994,91,51.55,-9.2667,60.12,21.41
377,2426370,Umm Hājar,0,TD,1658688995,43,13.2954,19.6966,91.22,2.89
378,1800146,Nanchong,66,CN,1658688995,83,30.7951,106.0847,78.62,2.93
379,2618795,Klaksvík,100,FO,1658688995,94,62.2266,-6.589,52.72,27.13
380,1637001,Biak,63,ID,1658688996,85,-0.9131,122.8766,74.44,6.44
381,6104820,Pinawa,100,CA,1658688996,53,50.1489,-95.8811,61.92,10.11
382,3144987,Beisfjord,64,NO,1658688996,76,68.3751,17.5988,61.05,2.66
383,741098,Ordu,1,TR,1658688997,85,40.9086,37.6845,52.59,5.61
384,2208248,Kaitangata,42,NZ,1658688997,93,-46.2817,169.8464,35.02,1.79
385,743952,Kars,17,TR,1658688997,82,40.602,43.095,49.82,5.39
386,1785738,Yuncheng,98,CN,1658688998,66,35.0231,110.9928,76.44,4.99
387,2634739,Warrington,75,GB,1658688998,83,53.3925,-2.5802,68.81,18.41
388,184921,Mwingi,47,KE,1658688999,65,-0.9344,38.0601,66.47,11.99
389,3520994,Puerto Escondido,100,MX,1658688999,70,15.85,-97.0667,85.5,7.36
390,64814,Bandarbeyla,100,SO,1658689000,83,9.4942,50.8122,76.44,31.18
391,3374333,Praia,20,CV,1658689000,74,14.9215,-23.5087,82.94,9.22
392,57000,Hobyo,25,SO,1658689000,83,5.3505,48.5268,75.99,25.5
393,3454005,Piaçabuçu,93,BR,1658689001,74,-10.4056,-36.4344,75.67,11.77
394,565857,Dobrinka,27,RU,1658689001,82,52.1653,40.4731,67.06,5.03
395,1183307,Barkhan,96,PK,1658689001,82,29.8977,69.5256,75.74,8.08
396,1695546,Pandan,100,PH,1658689002,86,14.0453,124.1694,80.69,5.21
397,3984997,San Quintín,100,MX,1658689002,70,30.4833,-115.95,72.82,10.94
398,802629,Kovalevskoye,16,RU,1658689003,69,45.1942,40.9761,65.19,8.59
399,2109528,Buala,6,SB,1658689003,82,-8.145,159.5921,79.5,7.02
400,3174050,Province of Mantua,41,IT,1658689003,60,45.1667,10.7833,94.24,11.72
401,3169056,Romano di Lombardia,0,IT,1658689004,44,45.5246,9.7484,93.0,6.91
402,540761,Kropotkin,81,RU,1658689004,63,45.4375,40.5756,69.49,9.75
403,4160795,Key Largo,100,US,1658688938,70,25.0865,-80.4473,91.0,13.18
404,3387204,Soure,96,BR,1658689005,64,-0.7167,-48.5233,86.13,9.66
405,5525584,Lubbock,0,US,1658689005,33,33.6001,-101.8338,95.38,4.0
406,2693759,Ludvika,87,SE,1658689006,75,60.1496,15.1878,62.4,6.76
407,3393536,Olinda,75,BR,1658688711,61,-8.0089,-34.8553,80.33,18.41
408,3714956,Ailigandí,35,PA,1658689006,74,9.2333,-78.0167,82.87,8.08
409,1636308,Manokwari,61,ID,1658689007,79,-0.8667,134.0833,77.18,2.98
410,2212775,Sabha,0,LY,1658689007,18,27.0377,14.4283,86.79,9.26
411,5387494,Ridgecrest,2,US,1658689008,8,35.6225,-117.6709,101.68,3.0
412,2522857,Tricase,0,IT,1658689008,56,39.9304,18.3553,86.83,7.4
413,5364271,Laguna,20,US,1658689030,32,38.421,-121.4238,95.18,6.04
414,1132495,Nahrin,0,AF,1658689030,21,36.0649,69.1334,83.44,4.61
415,934649,Cap Malheureux,0,MU,1658689031,75,-19.9842,57.6142,65.46,4.0
416,3359638,Walvis Bay,25,NA,1658689031,93,-22.9575,14.5053,54.09,4.61
417,3625066,Zaraza,95,VE,1658689032,50,9.3503,-65.3245,88.57,5.66
418,1490796,Strezhevoy,100,RU,1658689032,94,60.7333,77.5889,51.66,8.57
419,3617154,Puerto Cabezas,20,NI,1658689032,70,14.0351,-83.3888,87.76,11.5
420,4036284,Alofi,100,NU,1658689033,94,-19.0595,-169.9187,60.69,4.61
421,2215163,Masallātah,0,LY,1658689033,71,32.6167,14.0,77.4,7.76
422,1808744,Hede,0,CN,1658689033,92,33.7681,120.2517,71.83,4.61
423,352628,Maţāy,5,EG,1658689034,21,28.419,30.7792,89.51,11.9
424,2083537,Wewak,41,PG,1658689035,88,-3.5534,143.6268,78.87,7.74
425,3841956,Paraná,95,AR,1658688754,55,-31.732,-60.5238,83.55,6.85
426,1489209,Troitskoye,31,RU,1658689036,92,52.9821,84.6757,49.98,5.97
427,2120591,Tilichiki,31,RU,1658689036,79,60.4667,166.1,51.53,3.36
428,2178753,Kirakira,19,SB,1658689037,83,-10.4544,161.9205,77.59,6.69
429,1262380,Musiri,100,IN,1658689037,75,10.9333,78.45,82.44,11.34
430,461528,Alūksne,64,LV,1658689038,98,57.4167,27.05,57.96,6.85
431,2094027,Kieta,6,PG,1658689038,84,-6.2167,155.6333,78.24,4.25
432,737021,Zonguldak,0,TR,1658689038,82,41.25,31.8333,58.59,2.71
433,6323121,Florianópolis,0,BR,1658689039,75,-27.6146,-48.5012,73.54,9.22
434,1160571,Khāsh,100,IR,1658689039,30,28.2211,61.2158,84.79,5.88
435,1508285,Chemal,42,RU,1658689040,97,51.4111,86.005,52.36,1.5
436,1819729,Hong Kong,3,HK,1658689004,83,22.2855,114.1577,89.19,5.99
437,4845585,Westport,87,US,1658689041,47,41.1415,-73.3579,97.45,3.0
438,5870133,Nome,100,US,1658689042,90,64.5011,-165.4064,49.15,5.46
439,3832899,Viedma,100,AR,1658689042,69,-40.8135,-62.9967,48.45,13.38
440,2514651,Los Llanos de Aridane,0,ES,1658689042,78,28.6585,-17.9182,74.95,11.5
441,2065176,Murray Bridge,45,AU,1658689043,87,-35.1167,139.2667,59.13,8.84
442,3671337,Puerto Rondón,78,CO,1658689043,65,6.2805,-71.1,85.3,4.18
443,2082539,Merauke,87,ID,1658689044,88,-8.4667,140.3333,75.96,12.91
444,1788206,Xixiang,0,CN,1658689044,76,35.1628,112.865,76.23,4.81
445,115781,Shahr-e Bābak,35,IR,1658689045,28,30.1165,55.1186,83.66,9.6
446,3844421,Mendoza,20,AR,1658689045,52,-32.8908,-68.8272,65.73,5.75
447,286621,Salalah,100,OM,1658689045,90,17.0151,54.0924,76.89,6.71
448,1065158,Farafangana,0,MG,1658689046,86,-22.8167,47.8333,67.48,5.3
449,3919085,Coroico,66,BO,1658689047,50,-16.1889,-67.7271,74.14,5.53
450,3402648,Carutapera,100,BR,1658689047,83,-1.195,-46.02,80.94,7.87
451,1608399,Na Wa,2,TH,1658689048,78,17.4897,104.1006,79.66,1.5
452,1491230,Sovetskiy,71,RU,1658689048,93,61.3614,63.5842,57.87,1.86
453,3421319,Nuuk,100,GL,1658689049,79,64.1835,-51.7216,47.34,14.12
454,6255012,Flinders,1,AU,1658689049,91,-34.5833,150.8552,49.17,5.99
455,777019,Vardø,20,NO,1658689050,82,70.3705,31.1107,51.78,10.36
456,1788462,Xinzhi,10,CN,1658689050,60,36.4989,111.7047,76.87,2.8
457,527529,Menzelinsk,7,RU,1658689051,70,55.7271,53.1026,67.82,1.5
458,178443,Wajir,0,KE,1658689051,42,1.7471,40.0573,82.36,12.66
459,214575,Kampene,100,CD,1658689052,62,-3.6,26.6667,76.23,1.12
460,3526756,Isla Mujeres,14,MX,1658689053,69,21.2311,-86.731,91.17,10.6
461,3985710,Cabo San Lucas,43,MX,1658689053,70,22.8909,-109.9124,91.62,1.01
462,1793665,Jinxi,0,CN,1658689054,88,30.4323,116.2922,79.18,3.27
463,1058381,Morondava,0,MG,1658689054,75,-20.2833,44.2833,72.81,13.78
464,3948613,Acarí,9,PE,1658689056,55,-15.4311,-74.6158,72.21,8.72
465,7671223,Kloulklubed,100,PW,1658688985,72,7.0419,134.2556,82.9,6.62
466,3170069,Porto Torres,0,IT,1658689057,73,40.835,8.3972,84.38,3.06
467,2063523,Perth,0,AU,1658688824,86,-31.9333,115.8333,54.18,9.22
468,89113,Ajdabiya,0,LY,1658689058,68,30.7554,20.2263,81.12,20.74
469,2146219,Hervey Bay,4,AU,1658689058,78,-25.2986,152.8535,61.12,9.95
470,2136825,Isangel,3,VU,1658688767,89,-19.55,169.2667,75.76,3.02
471,935214,Saint-Pierre,20,RE,1658689058,72,-21.3393,55.4781,67.91,3.44
472,3466594,Cavalcante,100,BR,1658689059,28,-13.7975,-47.4583,82.76,7.65
473,4946620,Palmer,100,US,1658689059,40,42.1584,-72.3287,95.65,4.0
474,2319257,Wamba,48,NG,1658689060,90,8.9333,8.6,74.07,2.26
475,1580240,Hue,20,VN,1658689060,78,16.4667,107.6,80.71,4.61
476,5134295,Rome,100,US,1658689028,79,43.2128,-75.4557,87.08,4.79
477,1487332,Verkhnyaya Inta,100,RU,1658689061,75,65.9811,60.3094,50.9,11.79
478,1643837,Gorontalo,87,ID,1658689061,91,0.5412,123.0595,74.84,4.7
479,6078372,Moose Factory,100,CA,1658689062,82,51.2585,-80.6094,71.6,8.05
480,286245,Sur,92,OM,1658689062,62,22.5667,59.5289,91.4,4.81
481,1254709,Tezu,92,IN,1658689062,94,27.9167,96.1667,75.29,2.86
482,3030142,Briançon,72,FR,1658689063,69,44.9,6.65,70.81,0.67
483,1296736,Shwebo,100,MM,1658689063,78,22.5667,95.7,79.86,3.98
484,2123278,Mil'kovo,100,RU,1658689064,76,54.7167,158.6167,55.76,5.53
485,1263968,Manali,100,IN,1658689064,86,13.1667,80.2667,84.29,6.69
486,964712,Plettenberg Bay,71,ZA,1658689065,75,-34.0527,23.3716,54.9,2.82
487,1488903,Turukhansk,100,RU,1658689065,88,65.8167,87.9833,52.93,14.58
488,5509851,Pahrump,1,US,1658688986,18,36.2083,-115.9839,101.44,5.99
489,1242110,Kalmunai,100,LK,1658689065,69,7.4167,81.8167,81.3,3.42
490,3837213,San Juan,24,AR,1658689066,38,-31.5375,-68.5364,67.8,6.08
491,4499379,Wilmington,3,US,1658689001,69,34.2257,-77.9447,89.98,5.01
492,2324857,Pindiga,86,NG,1658689066,70,9.9833,10.9333,77.86,3.8
493,5742974,North Bend,36,US,1658689067,66,43.4065,-124.2243,73.92,14.9
494,3897347,Calama,0,CL,1658689067,15,-22.4667,-68.9333,68.49,14.97
495,3480908,La Asuncion,6,VE,1658689067,62,11.0333,-63.8628,87.53,18.41
496,5859699,College,0,US,1658689068,59,64.8569,-147.8028,65.46,0.0
497,2524815,Erice,0,IT,1658688843,65,38.037,12.5865,79.36,10.36
498,3461857,Guaratuba,100,BR,1658689069,76,-25.8828,-48.5747,77.05,6.13
499,6064202,Magrath,0,CA,1658689069,47,49.4167,-112.8686,82.72,3.44
500,2643044,Margate,97,GB,1658689070,66,51.3813,1.3862,77.88,1.99
501,653272,Kemijärvi,100,FI,1658689070,65,66.7131,27.4306,55.85,4.34
502,2172797,Cairns,100,AU,1658689070,77,-16.9167,145.7667,67.95,6.91
503,3439781,Treinta y Tres,76,UY,1658689071,81,-33.2333,-54.3833,71.8,1.86
504,5058868,Devils Lake,88,US,1658689071,63,48.1128,-98.8651,66.31,5.99
505,6319315,Fonte Boa,48,BR,1658689072,89,-2.4959,-66.2662,80.56,2.04
506,1562414,Vung Tau,15,VN,1658688954,84,10.346,107.0843,80.47,10.49
507,362973,Abnūb,6,EG,1658689072,20,27.2696,31.1511,89.82,9.71
508,3397763,Jacareacanga,79,BR,1658689072,23,-6.2222,-57.7528,97.47,4.94
509,1337617,Muli,100,MV,1658689073,74,2.9167,73.5667,82.42,10.47
510,217834,Bukama,6,CD,1658689073,34,-9.2,25.85,76.48,1.68
511,1571058,Phan Thiet,14,VN,1658689074,92,10.9333,108.1,76.8,3.76
512,1005781,Elliot,100,ZA,1658688854,79,-31.3333,27.85,39.83,2.24
513,1295765,Sittwe,100,MM,1658689074,83,20.15,92.9,80.33,4.61
514,1513491,Yangi Marg`ilon,0,UZ,1658689075,13,40.4272,71.7189,90.32,4.61
515,2139521,Noumea,21,NC,1658689075,99,-22.2763,166.4572,73.99,5.3
516,1798473,Puqi,88,CN,1658689075,86,29.7167,113.8833,81.1,3.65
517,2120048,Ust-Nera,0,RU,1658689076,79,64.5667,143.2,58.21,4.14
518,6096551,Pangnirtung,75,CA,1658689077,93,66.1451,-65.7125,44.6,6.91
519,1798827,Pingdingshan,0,CN,1658689077,79,33.7385,113.3012,77.2,4.0
520,6540854,Avola,0,IT,1658689077,54,36.9113,15.1395,86.29,3.6
521,1317402,Kyaikkami,97,MM,1658689078,84,16.08,97.5675,79.61,3.11
522,4985180,Bay City,75,US,1658689078,74,43.5945,-83.8889,84.52,16.11
523,1582436,Don Luan,20,VN,1658689078,96,11.5333,106.9167,74.17,2.62
524,1278827,Ambikāpur,100,IN,1658689079,90,23.1167,83.2,75.43,5.82
525,2358382,Léo,87,BF,1658689079,75,11.1,-2.1,75.7,6.33
526,5654391,Glendive,0,US,1658689080,34,47.1053,-104.7125,84.49,4.0
527,2112455,Kakuda,90,JP,1658689080,92,37.9667,140.7833,74.79,1.77
528,3347353,Menongue,1,AO,1658689081,36,-14.6585,17.691,61.88,5.17
529,609924,Emba,63,KZ,1658689081,50,48.8264,58.1442,75.29,6.67
530,7647007,Bariloche,100,AR,1658689081,93,-41.1456,-71.3082,38.25,8.05
531,780687,Berlevåg,0,NO,1658689082,71,70.8578,29.0864,53.55,12.66
532,3466980,Caravelas,82,BR,1658689082,62,-17.7125,-39.2481,75.2,7.47
533,3376762,New Amsterdam,99,GY,1658689083,75,6.25,-57.5167,83.01,5.08
534,2123628,Magadan,100,RU,1658689083,88,59.5667,150.8,51.53,4.36
535,3107775,Torrelavega,94,ES,1658689084,83,43.3494,-4.0479,73.06,3.0
536,1250161,Batticaloa,100,LK,1658689084,72,7.7102,81.6924,80.42,5.79
537,2460954,Araouane,48,ML,1658689084,35,18.9048,-3.5265,95.14,10.18
538,6063191,Mackenzie,0,CA,1658689085,45,55.2999,-123.1698,66.42,3.44
539,1540475,Turtas,97,RU,1658689085,70,58.9417,69.1325,58.06,4.56
540,6690297,Saint-Leu,24,RE,1658689086,76,-21.15,55.2833,67.32,2.06
541,4333811,Morgan City,38,US,1658689086,52,29.6994,-91.2068,92.01,2.93
542,1490054,Tashara,100,RU,1658689087,91,55.5195,83.5094,52.88,9.17
543,1072879,Ankazoabo,0,MG,1658689087,84,-22.2833,44.5167,62.74,5.26
544,2037712,Dehui,11,CN,1658689087,97,44.5333,125.7,64.06,4.74
545,2156927,Moree,19,AU,1658689088,70,-29.4667,149.85,48.94,8.48
546,161616,Balkanabat,48,TM,1658689088,48,39.5108,54.3671,84.0,4.83
547,1168015,Pindi Gheb,94,PK,1658689089,64,33.2402,72.2661,85.82,3.11
548,1624725,Tarakan,31,ID,1658688904,81,3.3,117.6333,79.7,7.31
549,2018553,Ol'ga,53,RU,1658689089,95,43.7444,135.2892,59.22,1.92
550,3395458,Maragogi,100,BR,1658689090,73,-9.0122,-35.2225,75.27,11.03
551,4699066,Houston,40,US,1658688944,51,29.7633,-95.3633,100.33,10.36
552,3981391,Tomatlán,38,MX,1658689090,54,19.9333,-105.25,91.72,6.85
553,3448455,São Miguel do Araguaia,0,BR,1658689091,20,-13.275,-50.1628,93.09,6.58
554,3836277,Santa Fe,97,AR,1658689091,53,-31.6333,-60.7,84.99,8.01
555,1502073,Krasnosel'kup,100,RU,1658688897,96,65.7,82.4667,53.87,21.18
556,1786110,Yuancheng,99,CN,1658689091,64,36.652,107.7896,71.64,1.39
557,3195214,Metlika,0,SI,1658689092,68,45.6472,15.3142,82.29,0.49
558,3379316,Lethem,100,GY,1658689092,86,3.3803,-59.7968,77.61,4.12
559,1641342,Karangampel,32,ID,1658689093,74,-6.4622,108.4519,76.59,8.5
560,1835848,Seoul,75,KR,1658689093,94,37.5683,126.9778,74.8,6.91
561,110690,Faya,55,SA,1658689094,58,18.3851,42.4509,64.92,7.43
562,778707,Mehamn,75,NO,1658689095,93,71.0357,27.8492,53.51,8.05
563,2012532,Zhigalovo,100,RU,1658689096,96,54.8097,105.1578,53.64,0.98
564,3451138,Rio Grande,100,BR,1658689096,92,-32.035,-52.0986,68.11,2.3
565,1512101,Agirish,27,RU,1658689097,84,61.9247,63.0231,54.54,2.17
566,287832,Ibrā’,99,OM,1658689097,47,22.6906,58.5334,88.36,1.05
567,6316343,Alta Floresta,0,BR,1658689097,23,-9.8756,-56.0861,96.62,6.91
568,2963218,Kilrush,56,IE,1658689098,89,52.6397,-9.4833,60.55,13.76
569,3622716,Nicoya,72,CR,1658689098,66,10.1483,-85.452,85.59,5.35
570,3374351,Pombas,100,CV,1658689099,93,17.1503,-25.0201,80.38,8.03
571,2030065,Mandalgovi,100,MN,1658689099,53,45.7625,106.2708,63.18,6.15
572,2028164,Deputatsky,100,RU,1658689099,76,69.3,139.9,52.97,2.37
573,1784554,Zhicheng,69,CN,1658689100,94,30.2956,111.5047,77.7,1.92
574,496358,Severnyy,0,RU,1658689101,56,50.677,36.5532,73.44,4.47
575,5594956,Hailey,0,US,1658689001,20,43.5196,-114.3153,85.89,11.99
576,6162949,Terrace,100,CA,1658689101,88,54.5163,-128.6035,60.71,6.91
577,3388456,São José da Coroa Grande,100,BR,1658689102,71,-8.8978,-35.1478,75.88,11.32
578,2098329,Daru,99,PG,1658689102,90,-9.0763,143.2092,76.62,14.88
579,506286,Poretskoye,100,RU,1658689102,78,55.1974,46.3291,66.99,2.89
580,3577430,Road Town,20,VG,1658689103,66,18.4167,-64.6167,87.84,9.22
581,292968,Abu Dhabi,0,AE,1658689031,78,24.4667,54.3667,95.11,3.44
